sarah@gmail.com,$2y$10$0Z.NdD6dyRlofOj03vBVPO.H8cITeQu1TJF0bekt0/0eLTp1kXW36,Hame,Sarah,MIPI,L1,photo/sarah@gmail.com.png
vivian@gmail.com,$2y$10$3NFQK4mYxQVW08u7/MSgPuAhpfbxLMNvdOh1d.n0Q3Sr7E7HPYcg.,Angel,Vivian,MIPI,L2,photo/vivian@gmail.com.jpg
hugo@gmail.com,$2y$10$8CycW/5IMGvxNnDTlRrVN.oCDui1iwQRYN/LvmXlUspfVXPU.TJ1a,Calsi,Hugo,MIPI,L2,photo/hugo@gmail.com.jpg
alex@gmail.com,$2y$10$ZG1A6mvjC/dM.xIHc78EJu4lz8ejtPZ/2Tkr05L7BT43IdJAJOa9O,Wasef,Alexandra,LPI,L1,photo/alex@gmail.com.jpg
zelda@gmail.com,$2y$10$X8FVI9QhCnYaBqmRYWP/Te93.vEgfRv7rshocKBV7K3umolL/B0iq,Diams,Zelda,LPI,L1,photo/zelda@gmail.com.jpg
anne@gmail.com,$2y$10$EoVSDQl/ZUHice1XvAU/R.WS75XCsrsHB6H9co7uznYsFJKsbJu2q,Dorine,Anne,LPI,L1,photo/anne@gmail.com.jpg
deb@gmail.com,$2y$10$5WuSrQfRtWALMZaRNaxFweMpzgSEYdXbj6jj71Y0.uzqdowzqaIRe,Calsici,Deborah,LPI,L1,photo/deb@gmail.com.jpg
killian@gmail.com,$2y$10$zxtptI2ZP.ijAcvvE8/JeuNH22GGuq2tJwjY3EH6tT13LB.Go66eq,Greg,Killian,MIPI,L1,photo/killian@gmail.com.jpg
fio@gmail.com,$2y$10$WG.Lt4xF6Z/XkEycSdCsKufZE2saL9gv2ndnAe7wMa6VoofgAZAnu,Felix,Fiona,LI,L1,photo/fio@gmail.com.jpg
blair@gmail.com,$2y$10$RA5rwKObnnhSkLm36RKtAOFnNxi1YEs33q4vILngi/UxLhW62EFIK,Gossip,Blair,LI,L2,photo/blair@gmail.com.jpg
vianney@gmail.com,$2y$10$nADq8AaEUIdLfZSh6nDn1.TATJMPBVkHmLnQ0zj7u5Wurl4BKc1de,Marine,Vianney,LI,L3,photo/vianney@gmail.com.jpg
etienne@gmail.com,$2y$10$K/vt.yf6efcMb5wOpQQJy.HzsnIXSCugMMazQtNDJ8rwvpcTldfMa,Ketchup,Etienne,LPI-RS,L1,photo/etienne@gmail.com.jpg
kenza@gmail.com,$2y$10$e4tk2TYY8US7FeGoqmgFZOdX.rNU8Ka4b78CXrsIKr3mIW1bFLn/y,Anderlow,Kenza,LPI-RIWS,L3,photo/kenza@gmail.com.jpg
salman@gmail.com,$2y$10$O5gsJU4UhLfgqejzvFk3x.wHoNyityCuXn3M6nBJzvrHTK.9Jq2Pi,Hamra,Salman,LPI,L1,photo/salman@gmail.com.jpg
suzie@gmail.com,$2y$10$g.2z5slLVUfGD5IWTjW7ReI3lHl.Kdj2nHJ3bU2OoYDP/omxrRgOe,Malia,Suzie,MIPI,L3,photo/suzie@gmail.com.jpg
james@gmail.com,$2y$10$eYFYHAuoG5X3ei/aUihq0ew9ohE5keKlRapXdyZW67IsZY.sNdnGu,Frame,James,LPI-RIWS,L1,photo/james@gmail.com.jpg
elvis@gmail.com,$2y$10$Pfi.W/.U2aDJUwE3HTA4he.CdYDqcuvsr8zY0J0Ya0xrTgwCKmtgm,Felix,Elvis,LPI,L3,photo/elvis@gmail.com.jpg
fab@gmail.com,$2y$10$6cj.FGRQ9NoWDU.NFpwge.htuyoFDr1fXjRzh75ct7aOUwOO8bJsa,Darme,Fabien,LPI,L2,photo/fab@gmail.com.jpg
mani@gmail.com,$2y$10$WqNJ2YqUADFV2vhCJFGnMe3x1h/cs5sN.90CgbuO188OssWS0eVw2,Sams,Mani,LPI-RS,L1,photo/mani@gmail.com.jpg
matre@gmail.com,$2y$10$YuUOszxUVVvLqOOwVTdaP.vIBuYcu00XehgzscXobijfegNY53CUi,Maded,Matre,LPI-RS,L1,photo/matre@gmail.com.jpg
genge@gmail.com,$2y$10$FJlu1ieTQPaHZM.DVms6b.PJ0d4cbhpJyi4Asc92ibx5ZOOEpBk4m,Genge,Moiul,LPI-RS,L2,photo/genge@gmail.com.jpg
gg@gmail.com,$2y$10$PhAqVYzteu5MfGeASly.5uE84dUxXehtgiU1Kqu351/cUU7qA.7JK,Gerar,Germain,LPI-RS,L3,photo/gg@gmail.com.jpg
sanita@gmail.com,$2y$10$dlxqa6vON0YGVkvRC8f8C.1Ae2jWMPC/CGHgHBKsGZw8N29muw/RG,Sanita,Trame,LPI-RS,L3,photo/sanita@gmail.com.jpg
samuel@gmail.com,$2y$10$3r0k4S7FYuOCmpCnBie/.uWh7GQwWPEAtS0qz1OauMoGGfTnl/MKa,Saza,Samuel,MIPI,L2,photo/samuel@gmail.com.jpg
ali@gmail.com,$2y$10$9FBnMFvzEZc13hV/4CH91uiMKeOFuUBKKfgTw7jKuPlNDIaa1ZeD.,Angelina,Ali,MIPI,L2,photo/ali@gmail.com.jpg
joe@gmail.com,$2y$10$INxeLNRx1UF9IgZi4KhKBOvBpkK71wt94fQsoMynykYFFaVv2jV7m,Chamolin,Joe,MIPI,L2,photo/joe@gmail.com.jpg
su@gmail.com,$2y$10$L6E1EW6xt4Hg7qzurHnNreRskLzL2ZHbca.Bnv/nFjHHe3HrRxTye,Semina,Suzie,MIPI,L2,photo/su@gmail.com.jpg
lina@gmail.com,$2y$10$pQjduUJEqNks0aUMzIZrLub4HutKupqRX9unx.RznLKp2BwjZceC2,samilenared,Lina,MIPI,L2,photo/lina@gmail.com.jpg
jam@gmail.com,$2y$10$D9l4ZIQ8M.EiJg6YfNy6n.AGc3kgv7ugLUMixjJ.Yc/oFlDhXXEcq,Josuer,Jamoe,MIPI,L2,photo/jam@gmail.com.jpg
samilejam@gmail.com,$2y$10$uP4G5YGGeD2Xv8PRdtGFeOXpjrLNSM.XlRP1ifuAvazFYfGXMiWQi,Soconla,Samile,MIPI,L2,photo/samilejam@gmail.com.jpg
suentine@gmail.com,$2y$10$LgFvobL8GWtCororn4kB2unWacG73sgBTVyRbjETvICpCyRMkmyKe,Samd,Suentine,MIPI,L3,photo/suentine@gmail.com.jpg
val@gmail.com,$2y$10$5FgnBpSqbsf6KeJoTEQ4Suk123LPGOB52Ch111PvEgIuw2Vkvs3Ty,Samola,Val,MIPI,L3,photo/val@gmail.com.jpg
chanie@gmail.com,$2y$10$hQ9RFlXTUE/iE4k.51GDVOO2cT8bGlc5jtCTwOMFJs1KJVlBlF.YS,Charme,Chanie,MIPI,L3,photo/chanie@gmail.com.jpg
samo@gmail.com,$2y$10$yZt4DpP1eumAgFXn19CKXuMjR8T/0TkHBeu7tv1Ym5ylBcYwArXA.,Valurez,Samola,MIPI,L3,photo/samo@gmail.com.jpg
janne@gmail.com,$2y$10$iL2f3T1JM.7sU4vU50dtY.KyUAvCsMozFh1KkMAINF7LY5vTlNYJq,Lodege,Janne,MIPI,L3,photo/janne@gmail.com.jpg
bres@gmail.com,$2y$10$CGWCJRIPGmZlXWAeYJh.CuA5vR.ykKyiU1DgeZOz1chBxgPXd35Ca,Vuline,Bresli,MIPI,L3,photo/bres@gmail.com.jpg
Bal@gmail.com,$2y$10$j3dcBD59me8DNLtUz2EM..KSOlZLPMfbg7dvaJIx8piMjJZK0Ou6W,Faloue,Balmain,MIPI,L3,photo/Bal@gmail.com.jpg
elo@gmail.com,$2y$10$mN9DTkHvgLdsf9758hZ/RuNKXV4oH179JyVhRHcXHShkCJNP.F4p.,Waly,Elodie,MIPI,L3,photo/elo@gmail.com.jpg
capu@gmail.com,$2y$10$WDEtxQkJk.gDC7I0dbhseOKAS1f8p4m/LrOvZ0oaCW5AjzQ4bDdi.,Crevet,Capucine,MIPI,L3,photo/capu@gmail.com.jpg
falo@gmail.com,$2y$10$uWLIVlIrIzSg.NBHegk3VuXD05JS3XwDya7Ow1nDWzNGnySv5.Upy,Delo,Falo,MIPI,L3,photo/falo@gmail.com.jpg
sam@gmail.com,$2y$10$/EpwZInq3l3USL4cRow1J.2sbwWrv.GZD2L/DZ31N/U4y9/4yIYNW,Woop,Sam,MIPI,L3,photo/sam@gmail.com.jpg
tokyo@gmail.com,$2y$10$cI3W7m01xgbd5naQ7UhaVuQs7N14XyiDSLla9PV78LnaFpnndGMEy,Rio,Tokyo,MIPI,L2,photo/tokyo@gmail.com.jpg
marie@gmail.com,$2y$10$zg9ZJpa9szMuYeN3KFeFIOjlrfPqA6winHLgmbJ77nKDKma4OEi.K,Mari,Marie,LPI-RIWS,L2,photo/marie@gmail.com.jpg
bali@gmail.com,$2y$10$L0zEOifQvb3HJRc07es.2.FEEYGAV6YRJcVFNbXuY1wTggUdHf/Ma,Bali,Marseille,LPI-RIWS,L2,photo/bali@gmail.com.jpg
balo@gmail.com,$2y$10$H8rEB8f06FUmLnJqdAjwkeOuInw/GWqXNTsQUZlSVnVSDObTYURze,bali,Balo,LPI-RS,L3,photo/balo@gmail.com.jpg
pablo@gmail.com,$2y$10$GIfDTcs4PaOkk8A4KmTRBe4FiMGRiBir/uCYCMPX3md06W/vnx6gS,Escobar,Pablo,LPI-RIWS,L2,photo/pablo@gmail.com.jpg
john@gmail.com,$2y$10$JzfJsYkrYSFCRd7UqmjTvOZXeCSwVYVNwU8zUxDpl1zxXLFv6/106,Jameron,John,LPI,L1,photo/john@gmail.com.jpg
lucia@gmail.com,$2y$10$tJT8KAa3FUi.sLZ6sA36ze2phpBtFpCJPUKtfQElB61yG.633L.E.,Malio,Lucie,LPI-RS,L1,photo/lucia@gmail.com.jpg
molie@gmail.com,$2y$10$TSGBbnX0wCzDcslJm9IZGuCXEgYwc0TDJsyQLev3WkZGzzTwD3Rpi,Maelys,Molie,LPI-RS,L1,photo/molie@gmail.com.jpg
dma@gmail.com,$2y$10$LGgJczojQOny8qkL60xPN.1QcK0Srxaan7MU4B0FrCB38crnTLaE.,Made,Dma,LPI-RS,L1,photo/dma@gmail.com.jpg
del@g.c,$2y$10$xm5mL7yV55hoATtXROiinuzfRuIt4UAP9o.AXpszmlAFlYD4bIt0C,Dal,Del,LPI-RS,L1,photo/del@g.c.jpg
dil@gmail.com,$2y$10$1XdvsswkPjiFzJIngLy8cOlbe2xidoyFzK.2Y5H55o/MpWymuCwme,Sarcl,Dil,LPI-RS,L1,photo/dil@gmail.com.jpg
barre@gmail.com,$2y$10$XfDbSVbyYO3ACXsZz54oVuA/bDTUIqjrs.0vuZDXPvOxtnqwdarLe,Barre,Estelle,LPI-RS,L1,photo/barre@gmail.com.jpg
soso@gmail.com,$2y$10$aQrVqa5YqYF/409RLHOOBOzG3jdimweY4.9/Y5CqRA9SjXfwPuVhm,Doume,Sonia,LPI-RS,L1,photo/soso@gmail.com.jpg
gogo@gmail.com,$2y$10$ktfFxqGNlSvGaG1O/3UwZuP0tggpb/VK7.1iW3Lyc7Rd6KTNPzmPy,Touret,Margot,MIPI,L3,photo/gogo@gmail.com.jpg
mimi@gmail.com,$2y$10$2TyP014ypRi07gF/hBId5eqC85hmclAaBv6CWaYE9Bylj3aUzryfG,Drome,Mickael,LPI-RS,L3,photo/mimi@gmail.com.jpg
suz@gmail.com,$2y$10$IofU96WyDX4o5sRsULE7XO2br0fbwIViE1n/jwwanGMXbHKclsxgW,Flaie,Suzie,LPI-RS,L1,photo/suz@gmail.com.jpg
clarke@gmail.com,$2y$10$13w/Dzp0CeHZdYQtiJjaoOKznLZLyOCqfHnf635/ruK7Dj7coIxx.,Thecent,Clarke,LPI-RS,L1,photo/clarke@gmail.com.jpg
cindie@gmail.com,$2y$10$7qsRMvHYjYXaAho3AFeeo.ayyqTX0cluErC7Xx8Oy3tDH/rjBYksS,Chimie,Cindie,LPI-RS,L2,photo/cindie@gmail.com.jpg
beubeu@gmail.com,$2y$10$Ss2M7/UmluTstqIqrp52.eVfrGsx47nRKCuX28DhpTxGQehrJeWKu,Folis,Bernadette,LPI-RS,L1,photo/beubeu@gmail.com.jpg
elvis95@gmail.com,$2y$10$15AjtCZDTXmf9W9WTt1Ane99q0cwq7F4PA4MpZTjVDXWZKavxTYYa,Perse,Elvis,MIPI,L1,photo/elvis95@gmail.com.jpg
dd@gmai.com,$2y$10$ML0W1FE2LfhxgR3b0XMh5OTQA1shTvwZTa8x1U94.T7xIHPDEKYD2,Demon,Dams,LPI-RS,L1,photo/dd@gmai.com.jpg
file@gmail.co,$2y$10$5x4PA8mpV6bkKrgoA1sX4uf/fSrQW/omVUWte7n3QJsDWD0imXlyG,Princelie,File,LPI-RS,L1,photo/file@gmail.co.jpg
felix@gmail.com,$2y$10$.Uh6nkLGxdmB/zq63.odVOidV6uqS80n0dGfHnC0FifFmPVxdHYeq,Felix,Simone,LPI-RS,L1,photo/felix@gmail.com.jpg
gima@gmail.com,$2y$10$865rDLF5I0fwh.go4PaP8exs8o6h6v0tVcyO3wHr1aZ5xUhhso7Km,Gima,Dramne,LPI-RS,L1,photo/gima@gmail.com.jpg
juice@gmail.com,$2y$10$.RrBAqiBMJum/EpQGQFwW.Z9/OnKaN4PZwwf7n6j1tcF.NSAaTTzK,Juice,Colores,LPI-RS,L1,photo/juice@gmail.com.jpg
girl@gmail.com,$2y$10$8DKlnHutaYtkshiBjjc0Xe5glW0F.SJ8Ae1pxDdRUYKJltji65LuO,Prettye,Girl,MIPI,L1,photo/girl@gmail.com.jpg
So@gmail.com,$2y$10$3/RF7sFRWUeWFnQc2cLwUuowxWEFQiVCqiIDtcgvXL2zVISYyQojy,Samosa,Balie,LPI-RS,L2,photo/So@gmail.com.jpeg
b.f@gmail.com,$2y$10$Bm9.01CMX/GZG4V37VCt9e/.bdFTmvdxar6lcHBgbJb53DiKeqZP6,Feliz,Balia,LPI-RS,L3,photo/b.f@gmail.com.jpeg
lao@gmail.com,$2y$10$0hXL/xoQdpb1xg9MMihDD.e7VREoR6PmGZCFFTn/3H.oQgQZtbATm,Hermio,Lao,LPI-RS,L3,photo/lao@gmail.com.jpeg
c.d@gmail.com,$2y$10$zHUt9YLDo/ZMTbYEKV8DYuaOiIk9aA3WQ3Y38z.yCcMiMCiBSxF7O,Chimne,Nada,LPI-RS,L3,photo/c.d@gmail.com.jpeg
T.solene@yahoo.fr,$2y$10$2apmHb1F/er9cXpbfSuF2.8O8zcTJ6K2ewpyKxEA6tM0NIYZw2Ega,Trame,Solene,LPI-RS,L2,photo/T.solene@yahoo.fr.jpeg
danae@glail.co,$2y$10$.ISoiuiLgjqcK2fy8kvzEeiAG2P7m5E3H0HJeF7oxDCBje.Xhpl46,Dims,Daniea,MIPI,L3,photo/danae@glail.co.jpeg
paga@gmail.com,$2y$10$cJ5.dsf.pirmcnhZQdcfb.f2dAu622gNFHzgSuLb8huFfl0A3bQVu,Anti ,Paga,LPI-RS,L1,photo/paga@gmail.com.jpeg
calita@gmail.com,$2y$10$tmQ3nJpMKjKvK6bH5/QYY.fgvLvmtN5B94uff6m8nls4jUEL053xS,Guedj,Calita,LPI-RS,L2,photo/calita@gmail.com.jpeg
manon@gmail.com,$2y$10$taJOlRYFyNScKmY284AfwubCmGPWC7d5jxfuUdwysf.vr.dsDb1QK,Jamoli,Manon,LPI-RS,L3,photo/manon@gmail.com.jpeg
pab.plio@gmail.com,$2y$10$oqpQmcPfOGmXG5DTaxwMIe1W6AegKiy1uEHAjJvz0t3jR/vYCuPy6,Plio,Pablo,LPI-RS,L3,photo/pab.plio@gmail.com.jpg
bal@gmail.com,$2y$10$/oQHrntXvZayT4ZGJMJAPuOT6HdtXyPX784RVbewEXnw10qkSz/eK,Balentine,Vanessa,LPI-RS,L2,photo/bal@gmail.com.jpg
mathieu@gmail.com,$2y$10$LB4wFeWTfMPP/tEtmBVF4ODJXLrAp95w1CZrsA6mTMcu0bTewXoGO,Naole,Mathieu,LPI-RS,L2,photo/mathieu@gmail.com.jpg
marmar@gmail.com,$2y$10$OR4RfTtEU7tHwOEKDkFprOBFJaEBVQxO5v6TxA6Q32CZ.x78sQi1W,Gerard,Marine,LPI-RS,L2,photo/marmar@gmail.com.jpg
momo@gmail.com,$2y$10$l7xvDvdSZ7xiWGSaCAm2iuBRSuxMbufxkO2mTOUbFokRrCUrPbqBO,Daloie,Mopie,LPI-RS,L3,photo/momo@gmail.com.jpg
so.nemile@gmail.com,$2y$10$R6aX5K1iAik3JCb98/HO1e1xtS4R.KCMOHBRrQvKiawwaIW77/y3C,Nemile,Solene,LPI-RS,L3,photo/so.nemile@gmail.com.jpg
moez@gmail.com,$2y$10$XBJuvIY2NzwQ5TXRr7rUWOagCsbyxmQ1vCWrM7LtvvZ5kVHyyFPYW,mouez,Luzinna,LPI-RS,L2,photo/moez@gmail.com.jpg
mo@gmail.com,$2y$10$4Rok3LCqJLQYVkifLxoYOeYZ4ovkSJ.TGCUt8l5eRN6Rzm3FfTtDu,Zelda,Moliere,LPI-RS,L3,photo/mo@gmail.com.jpg
moline@gmail.com,$2y$10$E8ezpkY0DnHUDa27kFiY.eeifPTFAnRN8FKi.Ur0rH5cm3VvAGsAm,Moline,Nina,LPI-RS,L3,photo/moline@gmail.com.jpg
harry@gmail.com,$2y$10$x1Rjj0xrm/0gyl9/cEoPguc43YXpip0eBw6gEVSRmHkPMGdQYQ1Ze,Potter,Harry,LPI-RS,L2,photo/harry@gmail.com.jpg
moli@gmail.com,$2y$10$dikJ8FCPMBisOt/ZeoVNs.mD/xTQwdDf2k9tVUuf/5rZlvgIydjZa,Bertrand,Molinette,LPI-RS,L3,photo/moli@gmail.com.jpg
fem@gmail.com,$2y$10$0rXyUmGwhw9v7hHV6X7pO.hRruPNQwvIgVthLuQte15KLqWys2rxG,Bolimenre,Femoli,LPI-RS,L1,photo/fem@gmail.com.jpg
po@gmail.com,$2y$10$7viw7LHmGycHgAPQS5i2ReoajAGgl7XjuYTeRoi1cPh02N9wZAZ/i,Poline,Haurine,LPI-RS,L2,photo/po@gmail.com.jpg
drome@gmail.com,$2y$10$MSKRMqKKIUrZ5Vjhcsy1ZOEEzV0I43TYliDIUXzZO7r7vaQlDzI/q,Delina,Drome,LPI-RS,L3,photo/drome@gmail.com.jpg
gami@gmail.com,$2y$10$PpPx0XZ2SkLCIsHtTCsW8OziOxSpFhcgM/63NulD9O/oEZyGJJIC6,Marjoline,Gami,LPI-RS,L3,photo/gami@gmail.com.jpg
vincent@gmail.com,$2y$10$fuGGyUdfRomu9lbdcr04yuItSRYKlCNVwdrZNa0hLmyW1zVmyS0i2,Polin,Vincent,LPI-RS,L3,photo/vincent@gmail.com.jpg
lui@gmail.com,$2y$10$4m6fr/adGacANdu/o/yJcuQTiGAxrD8GBDSTCEPFzRy9.ghBdrV96,Mario,Luigi,LPI-RS,L2,photo/lui@gmail.com.jpg
fe@gmail.com,$2y$10$YXGMCq2Dw/j.N8rknzE5xesXyfISlw8n2kgNNSrblYsVSo80PHOAq,Degg,Fefde,LPI-RS,L3,photo/fe@gmail.com.jpg
lo@gmail.com,$2y$10$FTPUimT16IYlL4rEc./ZA.HbKsWs93/7l1dcaFtY71XWIJKRLIpOC,Demine,Lomrme,LPI-RS,L2,photo/lo@gmail.com.jpg
vali@gmail.com,$2y$10$hPVhLaGEr0vXVXx4kaKHgee//8a/xr3OPbF4OSCGzInABEWZ.4X9O,Morine,Vali,LPI-RS,L2,photo/vali@gmail.com.jpg
dere@gmail.com,$2y$10$gpnu7sQLGCkhAAqB2w9P1emAFw2g.fmorrdei8I2I6l5XWjt6A2r2,Dere,Yasra,LPI-RS,L2,photo/dere@gmail.com.jpg
popo@gmail.com,$2y$10$UX0iVU32jbwzuYPvDCMUwOrqJL0r7eMywwRC/M3sLB/0FAJ5iNLm.,Mosio,Polie,LPI-RS,L2,photo/popo@gmail.com.jpg
fifi@gmail.com,$2y$10$afZMFJL0L4KH3buL8nekf.w.KW4Yap8BAFHAZ.WyGSFJt8Sw7eb.a,Derme,Filez,LPI-RS,L2,photo/fifi@gmail.com.jpg
miri@gmail.com,$2y$10$llOvRgCQ7O8qTR6DN.Ck1eN5mvS/wuGJowMTwlYiTsMuaU5KH3fdq,Moli,Mirianne,MIPI,L1,photo/miri@gmail.com.jpg
cali@gmail.com,$2y$10$mZyrplGHvoTlvUQ3reTOG.Z7lAm9e0O3yoRCDo5/47RiHO2iF0ph.,Wasro,Cali,LPI-RIWS,L1,photo/cali@gmail.com.jpg
delia@gmail.com,$2y$10$CDFxShSfOVSipm7/eya5bODIskuQtUYJIVGoESad44QcW7QXdwZ8S,Ramata,Delia,LPI-RIWS,L2,photo/delia@gmail.com.jpg
bilia@gmail.com,$2y$10$NRVo34bpoWXBdt4c7gY6x.6cQp0K9j3EdAuOTKzeQ/rrWEvFeK6JK,Morinesse,Bilisa,LPI-RIWS,L1,photo/bilia@gmail.com.jpg
li@gmail.com,$2y$10$BCol.u1zQKhkoOEd1Wu5U.NWndzo3u1scrDXCHfEXgqEisVolB/de,Jumenji,Limasa,LPI-RIWS,L3,photo/li@gmail.com.jpg
vovo@free.fr,$2y$10$ECBwkwfCdOGHLPl9wRSwYOFAQhtBOjF3wQN/YCA7HbgP1JnPzKouG,Melissa,Volerpole,LPI-RIWS,L2,photo/vovo@free.fr.jpg
mar@free.fr,$2y$10$jhJbLq8K5ebujmXL3SWMGOLmbdzbkCwkdnL0AdybKuJVSKp1ViI2C,Jamil,Martila,LPI-RIWS,L3,photo/mar@free.fr.jpg
gamilla@gmail.com,$2y$10$PKTfrvzWDcnItuTsstw0i.8IKOC7gMKFKVuCGZlnkpan5dE1aJz1O,Moliness,Gamilla,LPI-RIWS,L1,photo/gamilla@gmail.com.jpg
fanny@gmail.com,$2y$10$ujBEIxwE4Y/WO5fFuS2Ldes8yk2ui5Z495YrJ9Zc3F5HwUiClUBBS,Traore,Fany,LPI-RIWS,L1,photo/fanny@gmail.com.jpg
desia@gmail.com,$2y$10$hE37yEARFiu46Z/Y7ithyuiuQYFCmHAq2ofxR3Xi1qce65oedDEIO,Marid,Desie,MIPI,L1,photo/desia@gmail.com.jpg
vande@gmail.com,$2y$10$wXJeLDET.qcRr8HtKNU1RuY6Rhq1p5CMF.cd8T.fZcxkg/gBeDgN.,Xelta,Vande,LPI-RIWS,L3,photo/vande@gmail.com.jpg
parisa@gmail.com,$2y$10$Yl0gp1rh5oD8R4jqlfBdWOFcJaCdiSzp2dmVu.KhHwDrgAxZw.5rW,Feliz,Parisa,MIPI,L1,photo/parisa@gmail.com.jpg
morli@free.fr,$2y$10$IsnSI10qmZTOkmGkANC3uOnufq.qii8gtVTki95jeUhLiNoWKZ5Be,vhoulia,Morli,LPI-RIWS,L1,photo/morli@free.fr.jpg
chome@gmail.com,$2y$10$7UrVVnNvHupY0r3IGgA3ceP9pKQWKwoGfNWvpqZri0lWi8jdzWYym,Morti,Chom??,MIPI,L1,photo/chome@gmail.com.jpg
craki@gmail.com,$2y$10$C0.lUc2uWed2MttP1yBKcODKOmjsaOGDhs/5WlejdQC7dmJNcVjNG,Zola,Cracki,LPI-RIWS,L2,photo/craki@gmail.com.jpg
ninha@gmail.com,$2y$10$yGvKs6NLBv5lSTpiXaxLBeTJD6XkpMRXuKLcMRJyb4vQXjuwui5qW,Zemisis,Ninha,LPI-RIWS,L1,photo/ninha@gmail.com.jpg
charme@gmail.com,$2y$10$TFs1jVfM2TorTElNyz6EJ.USF2Opvij/pZtS1LOzkrIyuVEp/.Goq,Monisca,Charme,LPI-RIWS,L1,photo/charme@gmail.com.jpg
meme@gmail.com,$2y$10$5QJNwMCJybNqD1.j1rh8dOxGSTmUVrAkdzhPJ0bJeURIUeyzf0EVC,Valisata,Meme,LPI-RIWS,L1,photo/meme@gmail.com.jpg
roro@gmail.com,$2y$10$WrZSeNWD1C.u3.02pAwGReV5vGeOrLy7Dp07/9QHURarUSNJywhAm,Frile,Romane,MIPI,L1,photo/roro@gmail.com.jpg
demil@gmail.com,$2y$10$0f8rxqmxvd5Mr4rjSHPeu.t2csNnSAz9dCBwPxmo.08N.jAGtZxUC,Silmo,Demil,LPI-RIWS,L1,photo/demil@gmail.com.jpg
jojo@gmail.com,$2y$10$ylthh5p645.qaekj3BU7AufTU0nJkJAxu2W/Bm3YT8Uvy/l3l314q,Gramo,Josu??,MIPI,L3,photo/jojo@gmail.com.jpg
alexandra@gmail.com,$2y$10$DERwlsdgge6CEK57Av1JYOYDRAQ/1MP8.2zuT7ZxKlEiOy9pr4qWa,Cemine,Alexandra,MIPI,L3,photo/alexandra@gmail.com.jpg
gege@gmail.com,$2y$10$HAX.YR72RCMbcEvx/UFMqehv6xXgOSMV.YIMjdUiRwJuGOs3oTtEG,Frg,Geoffrey,MIPI,L3,photo/gege@gmail.com.jpg
s.s@gmail.com,$2y$10$lSfNZVcsX38uMQxKyydI3uevckx72Gyon871ec1AjgIJTk2g7daYi,Sams,Suzie,MIPI,L1,photo/s.s@gmail.com.jpg
si.file@gmail.co,$2y$10$zG5rR4xXXhJa.jizYpXO4OkNcqg.PrdyHato42t3fIYk4FvpUkH2.,Samra,Simone,MIPI,L1,photo/si.file@gmail.co.jpg
deborah@gmail.com,$2y$10$iosn4.4TTPmLUj9m9nXUxuSSfGywR015K.6.oAkS4DklkZvH0aYWG,Hame,Deborah,LPI-RIWS,L1,photo/deborah@gmail.com.jpg
joe.mel@gmail.com,$2y$10$eXZpxcfYG4V/E1RFSXyGVOx4YYXNsaq2yLnUyf/etrf4cD9qqnCYS,Melere,Joe,LPI-RIWS,L1,photo/joe.mel@gmail.com.jpg
pole@gmail.com,$2y$10$cPSbw0cS6QX2cb4k/Y4VBOBtj.2wDPclCpLUssWvGwZoBxe/w9xT6,Gerard,Pole,LPI-RIWS,L1,photo/pole@gmail.com.jpg
morine@frre.fr,$2y$10$Y212feeqLhKQ2s0eHbYxlOLkXE29w5zdf7ZXgoOtpTGvZzxaXGP3m,Gile,Morine,LPI-RIWS,L1,photo/morine@frre.fr.jpg
derme@gmail.com,$2y$10$br9.ceAfaj6HUGtneP9PNeLVZY.S3Ke/pYB6wfW9fT0XOq0lk4bcC,Derme,Semul,LPI-RIWS,L1,photo/derme@gmail.com.jpg
francis@gmail.fr,$2y$10$QCN4vxKttcysC6H6inDj2.TLURZfnIPGviz0/rd8eCmI6sYv6M.QW,Demoil,Francis,LPI-RIWS,L1,photo/francis@gmail.fr.jpg
fre@gamil.com,$2y$10$ebTS/JWxmBQuL2vX8CcAEuxWkHqHV6w924oX9ZlyfGuEHkz4stoei,Micka,Freman,LPI-RIWS,L1,photo/fre@gamil.com.jpg
momo@gmail.com.fr,$2y$10$4KAQN20tQdOGrIlyLJpWp.f30XB1zmDZt.7EX82EtHzvWIRm6SdcW,Morine,Mochel,LPI-RIWS,L1,photo/momo@gmail.com.fr.jpg
val@gmail.com.fr,$2y$10$WJaGQak5/P.sTB3.nRKsKuM.fJYHXvXI7IyKQPiQzf2.0NEDzLSUC,Mokli,Valentin,LPI-RIWS,L2,photo/val@gmail.com.fr.jpg
derme@gmail.com.fr,$2y$10$dH4kKdXRMwk.weapCsTjoueRl.4CKMZGkcw4/wRKBVtzF5fjhp2Hu,Molepol,Mark,LPI-RIWS,L2,photo/derme@gmail.com.fr.jpg
merme@gmail.com,$2y$10$e06XLlW2tUKslVQKHxEtqerJwLnTrsze59f7VVz5skTrsXkEZ3wUC,Merme,Julien,LPI-RIWS,L2,photo/merme@gmail.com.jpg
val@gmail.fr,$2y$10$sBMDnx0GIZT7zRmzZYYzGeEsSuXL7ys82.nTLxGRBGegNU7wUKbsO,Chente,Vianney,LPI-RIWS,L2,photo/val@gmail.fr.jpg
aligatorfr@gmail.com,$2y$10$cogfQywxTo795pXn8Gas9.K3b9n3LrlL.pyoId0AaK/qZ13Tm.2ze,Almo,Alexis,LPI-RIWS,L2,photo/aligatorfr@gmail.com.jpg
nonmae@mail.com,$2y$10$HgVzEbEC8iOESUPh4S3d6.VKIZd7iL5PMCVUauzjNOiP5zaS3xuWW,Nonmoe,Julien,LPI-RIWS,L2,photo/nonmae@mail.com.jpg
pole@gmail.com.fr,$2y$10$TB4V34YvFd.quZJTfayOf./JoK/nOIXKphCifdiulULcGfKOqyAIq,Porlin,Julia,LPI-RIWS,L2,photo/pole@gmail.com.fr.jpg
momo@gmail.xoxo,$2y$10$vhEsiiqy2bsStB99Ivh46ekgnsWnWot71YQk5tpVBv3BHojz63WbG,Monid,Moki,LPI-RIWS,L2,photo/momo@gmail.xoxo.jpg
m.pole@gmail.com,$2y$10$wH8UYh2b27ATLk29ffO/aObxrxEMWkEBy3SP0LJIuQywW92Ok4Poy,Hermanie,Morine,MIPI,L1,photo/m.pole@gmail.com.jpg
tressia@gmail.com,$2y$10$wiQ12VkV8GCgdPTnHE93hO4tF/RZyKqq5utXH23rn1lvdVWLWWmnK,Tressia,Grem,LPI-RIWS,L2,photo/tressia@gmail.com.jpg
momo@free.fr,$2y$10$TA48.mh5QhkBrYHhr9gJSe.MRcR9yAmLbIYUmQFfhhHJ1VZsojru.,Monid,Morine,LPI-RIWS,L3,photo/momo@free.fr.jpg
francis@gmail.com,$2y$10$TqQMa2.EmKJwIQMNFL0hQerAbAE.BnK39LFa45ka/6bCw4bH7uiEG,Gile,Freman,LPI-RIWS,L3,photo/francis@gmail.com.jpg
luc@gamil.com,$2y$10$zx/e.9Ih8yj1GzuGqY76tOPojUpne7hL75ykmd0KG7vgFdkJ8tro6,Roro,Luc,LPI-RIWS,L3,photo/luc@gamil.com.jpg
luc@gamil.fr,$2y$10$cV.BOFKw7uxbQa7nojVgBu9IJOV1qN61dz/BrEEPTTTM5rsiWDPAm,Paril,Luca,LPI-RIWS,L3,photo/luc@gamil.fr.jpg
momo@gmail.com.o,$2y$10$YG8DRHxQgzuCCla4Svwb5.eDLhQPrUxeMAMWSGN.lhDIbCPXCD55y,Monid,Mochel,LPI-RIWS,L3,photo/momo@gmail.com.o.jpg
semu@gmail.com,$2y$10$T9r4M3yvExral06j9A.ge.oazsxU53byVTSUzJnGyw72YV5cxXTO6,Gerard,Semul,LPI-RIWS,L3,photo/semu@gmail.com.jpg
fre@gamil.com.fr,$2y$10$PdS68kYkIYrn6tvw2hOVCO/HEZxlScxLo/yDdLLmqudXnJ7/HAU2e,Demoil,Alexandra,LPI-RIWS,L3,photo/fre@gamil.com.fr.jpg
mimie@free.fr,$2y$10$35sOoJ7K16NPVdvn1qFUYeUO1xrRCvgHisq/.drYUKW1cteJ6DIMW,Xavi,Micillia,LPI-RIWS,L3,photo/mimie@free.fr.jpg
ssol@gmail.com,$2y$10$ja0tjQ2HAFJw1g..LbejJO4CkQm2kLLiFA69W2dBwoLvgEMCr6gvq,Hermanie,Solane,LPI-RIWS,L3,photo/ssol@gmail.com.jpg
lu@gamil.com,$2y$10$Ar2EAElOV17S0R9ufS3oYuekYMyqdObKq/p9pnb..o2VeORx3EarO,Merme,Lucilia,LPI-RIWS,L3,photo/lu@gamil.com.jpg
heroine@gmail.com,$2y$10$WsHzlgQcyGiTspG7jta8X.9skdCcoE.OWlXz.K.zD0P0c5SQV3tl.,Freeman,Heroine,LPI-RIWS,L3,photo/heroine@gmail.com.jpg
mel@gmail.fr,$2y$10$Nts2VU4ikVeaIDBppfoXheUKoE0U5ucpx66nqZiwun2zZEU2d1SJa,Benak,Melissa,LPI,L1,photo/mel@gmail.fr.jpg
tressia@gmail.fr,$2y$10$UcsCBUXTI4UN2ydcRnqMkOKWJpeZ2rXVwvcJEcRW1jT8dk9Fh8hda,Tressia,Semile,LPI,L1,photo/tressia@gmail.fr.jpg
valentine@gmail.fr,$2y$10$3MHLG6f/nKhxhrfM.eeLc.spG2T3d53N66Jx6Fww/NuHGmEovpzW.,Hermanie,Valentine,LPI,L1,photo/valentine@gmail.fr.jpg
greg@gmail.com,$2y$10$45DsRInV8kysR2cjbqO/v.i.op0ppjnTXfh9IRanqOXErupqCnm/y,Gerard,Grem,LPI,L1,photo/greg@gmail.com.jpg
mal@gmail.com,$2y$10$z9J4GmH3/56iJ3ZrES4yXuNBXqRSmMlGcQYjlFxtkyHIq9bEfTcii,Miroine,Malisa,LPI,L1,photo/mal@gmail.com.jpg
le.mal@gmail.com,$2y$10$435/mnvB6SuDg3I4Coy1Q.NXi8tTKzjQVrMWslnrA5B6LAqujbLg2,beauty,Malefique,LPI,L1,photo/le.mal@gmail.com.jpg
chris@gmail.com,$2y$10$lay02zKzOc4eh332inqmoOYaD04Rk2JXOocV41ShC/jEqr7iM.xMi,Brwons,Christianna,LPI-RIWS,L1,photo/chris@gmail.com.jpg
val@gmail.com.fo,$2y$10$ikUJhmZcWWXyHHV50TkzAeDtwYMkM.k1HTNRl2Cij2Mu0KlLLFcJq,Bertz,Amlori,LPI,L1,photo/val@gmail.com.fo.jpg
mal@gmail.fr,$2y$10$YPBagKFUSrXXhG4gC88yueupgUb4MGY.713e.HTfq9CNwFTZJ507q,Bole,Marine,LPI,L1,photo/mal@gmail.fr.jpg
simsim@vgmail.com,$2y$10$tPDKkzPChhsWlk.X1TGwE.O7umGGVpdTiwJsPtV8l.z6mnRT54GhO,Some,Simeon,LPI,L1,photo/simsim@vgmail.com.jpg
chris@gmail.fr,$2y$10$1f9MGCfnH6skJYRXiiH6cuVKCREn/uzDTPcEgq2S0YmuufTrISZzq,Samok,Christophe,LPI-RIWS,L1,photo/chris@gmail.fr.jpg
chemi@gmail.fr,$2y$10$uNgV6A5HVxq9hl2KZ7ckbeFbDon9VhAzbHOdAMmCQcj/oRTZUqys6,Karloss,Chemi,LPI,L2,photo/chemi@gmail.fr.jpg
salman@gmail.fr,$2y$10$bkAgH7j9bIFrr5ac48DtM.djhYrb1TZ9fN0pTCfkjDWpB9sWgf6oq,Samole,Salman,LPI,L2,photo/salman@gmail.fr.jpg
Rosa@gmaom.fr,$2y$10$MOmz5EiNHfl9HM1gr/Jm4Os.s8MIYgNnlV9sJ.AWEh/YTSvnpl5fi,Rose,Roussile,LPI,L2,photo/Rosa@gmaom.fr.jpg
lu@gmail.com.fe,$2y$10$wPPLhcFUNXHYPJfha1Q06uG6XM2zKh9Zzy13EwTFVLuY1nFV/iZAS,Freeman,Lucilia,LPI,L2,photo/lu@gmail.com.fe.jpg
jojo@gmail.fr,$2y$10$fJzW632.MQ0PMo1iv8I.ZuQnc60KPCgLfFvl4vfTl4/lTowwYvZku,Drogo,Jordan,LPI,L2,photo/jojo@gmail.fr.jpg
geg@gmail.fr,$2y$10$VQ2O569uETUQsfVCgosDBOnb5DZAYMbNBvYMElsPFzUtkpGvmQWHK,Gerard,Salome,LPI,L2,photo/geg@gmail.fr.jpg
simsim@vgmail.fr,$2y$10$GcDcAH8kp.vIYQ7qe98cB.tyy4HItjOXdP2PGP.vyXscHpVAjosEW,Freeman,Semile,LPI,L3,photo/simsim@vgmail.fr.jpg
amo@gmail.com,$2y$10$8dT5k2HAZbztWRv1JgsAse2g/luWibnhlX3HzFbQqsT..phUEYZki,Morine,Amlori,LPI,L2,photo/amo@gmail.com.jpg
fre@yahoo.fr,$2y$10$miONa7k6hzaFWV3ZfbmtOOJuGQdUNODDTvmMqy9OBsgAdi9sP1Zh6,Dermi,Freman,LPI,L2,photo/fre@yahoo.fr.jpg
rayan@gmail.com,$2y$10$61ySU6E0Q9d.sArc.D/oa.7rSmrmsOpgn.MmDJDwWnqNfXtWXpX5y,Rayan,Debi,LPI,L2,photo/rayan@gmail.com.jpg
fery@gmail.com,$2y$10$.NjGfaB6laS5Mh9ckxhct.l6FWQpP2u3Kxwo51/m2oMGOl21.hnsO,Hermanie,Feryel,LPI,L2,photo/fery@gmail.com.jpg
beli@yahoo.fr,$2y$10$w/59wiQm.kSzDI2Xv.Jm4.hZMy4PycPqiLZ8BI/DUnkK3pWDuNkPy,Some,Beli,LPI,L2,photo/beli@yahoo.fr.jpg
mel@gmail.fr.com,$2y$10$cMOkidbz3VTcmJCZEoPFZeFm4sfBg0Z6HgTpvu.OJeb2mNsaGD17K,Samole,Malefique,LPI,L2,photo/mel@gmail.fr.com.jpg
luffy.piece@gmail.com,$2y$10$MIz8wzgrmLlmrr9.CQ/nH.zEzQcIvEeuHcLGBvZUCG9..75csyZRG,Piece,Luffy,LPI,L2,photo/luffy.piece@gmail.com.jpg
fery@gmail.fr,$2y$10$L5CH7KncdUBScaLrKIqk8uLU5D7vsYfHluXf/LPZ0KGfQvl/fFuqS,Gerard,Feryel,LPI,L2,photo/fery@gmail.fr.jpg
was@gmail.com,$2y$10$jhiAuzS2PbN4NemDmddbK.fuk68AS.X9pztoMAnE09ixDud2Lusva,Waso,Freman,LPI,L3,photo/was@gmail.com.jpg
mel@gmail.no,$2y$10$GOkqRs5fBg/ieuftDOaHie.kmDDKqB6MPcH/NW9tQKQH5TDyDZL2.,Moline,Mere,LPI,L3,photo/mel@gmail.no.jpg
miles@gmail.com,$2y$10$GcuZSdor7voWVIrK6UVsyuiDDk.a4gsLxx3644npwBvLsPgkEuVa.,Meal,Miles,LPI,L3,photo/miles@gmail.com.jpg
derme@gmail.co,$2y$10$DgoTnjUzb65EajzjlnpVHerlN9z5x8bUamyxHj2xbEGmgUT4fhxea,Freeman,Debi,LPI,L3,photo/derme@gmail.co.jpg
semu@gmail.co,$2y$10$pvwcwBN0XyDQJffKinQ4d.SU6Jx0uD3ARU7APjEayF9YLxJGF702u,Some,Grem,LPI,L3,photo/semu@gmail.co.jpg
